{ 
    "v" : NumberInt(1), 
    "key" : {
        "_id" : NumberInt(1)
    }, 
    "name" : "_id_", 
    "ns" : "heroku_hc19p5k0.benchmarks"
}
{ 
    "v" : NumberInt(1), 
    "key" : {
        "_id" : NumberInt(1)
    }, 
    "name" : "_id_", 
    "ns" : "heroku_hc19p5k0.institutions"
}
{ 
    "v" : NumberInt(1), 
    "unique" : true, 
    "key" : {
        "title" : NumberInt(1)
    }, 
    "name" : "title", 
    "ns" : "heroku_hc19p5k0.institutions"
}
{ 
    "v" : NumberInt(1), 
    "key" : {
        "_id" : NumberInt(1)
    }, 
    "name" : "_id_", 
    "ns" : "heroku_hc19p5k0.meta_benchmarks"
}
{ 
    "v" : NumberInt(1), 
    "key" : {
        "_id" : NumberInt(1)
    }, 
    "name" : "_id_", 
    "ns" : "heroku_hc19p5k0.meta_profiles"
}
{ 
    "v" : NumberInt(1), 
    "key" : {
        "_id" : NumberInt(1)
    }, 
    "name" : "_id_", 
    "ns" : "heroku_hc19p5k0.meta_snapshots"
}
{ 
    "v" : NumberInt(1), 
    "key" : {
        "_id" : NumberInt(1)
    }, 
    "name" : "_id_", 
    "ns" : "heroku_hc19p5k0.profiles"
}
{ 
    "v" : NumberInt(1), 
    "key" : {
        "_id" : NumberInt(1)
    }, 
    "name" : "_id_", 
    "ns" : "heroku_hc19p5k0.snapshots"
}
